Workbook

Sheet GRUPPO FRENO
A1: GRUPPO FRENO
B3: 4 sett. AGOSTO | C3: 1 sett. SETT. | D3: 2 sett. SETT. | E3: 3 sett. SETT. | F3: 4 sett. SETT. | G3: 1 sett. OTT. | H3: 2 sett. OTT. | I3: 3 sett. OTT. | J3: 4 sett. OTT.
A4: Richiesta lorda (quantitativo in MPS) | C4: 129 | E4: 270 | F4: 250 | G4: 351 | I4: 215 | J4: 330
A5: Ricezioni programmate
A6: Disponibilità materiale a magazzino
A7: Richiesta netta | C7: =C4-C5-C6 -> 129 | E7: =E4-E5-E6 -> 270 | F7: =F4-F5-F6 -> 250 | G7: =G4-G5-G6 -> 351 | I7: =I4-I5-I6 -> 215 | J7: =J4-J5-J6 -> 330
A8: Ricezione pianificata ordini | C8: 129 | E8: =E7 -> 270 | F8: =F7 -> 250 | G8: =G7 -> 351 | I8: =I7 -> 215 | J8: =J7 -> 330
A9: Emissione pianificata ordini | B9: 129 | D9: 270 | E9: 250 | F9: 351 | H9: 215 | I9: 330

Sheet COD 1
A1: COD. 1
B3: 3 sett. AGOSTO | C3: 4 sett. AGOSTO | D3: 1 sett. SETT. | E3: 2 sett. SETT. | F3: 3 sett. SETT. | G3: 4 sett. SETT. | H3: 1 sett. OTT. | I3: 2 sett. OTT. | J3: 3 sett. OTT. | K3: 4 sett. OTT.
A4: Richiesta lorda (MPS, quantitativo componente in distinta base, coeff. scarto) | C4: =CEILING('GRUPPO FRENO'!B9*2*1.014,1) -> 262 | E4: =CEILING('GRUPPO FRENO'!D9*2*1.014,1) -> 548 | F4: =CEILING('GRUPPO FRENO'!E9*2*1.014,1) -> 507 | G4: =CEILING('GRUPPO FRENO'!F9*2*1.014,1) -> 712 | I4: =CEILING('GRUPPO FRENO'!H9*2*1.014,1) -> 437 | J4: =CEILING('GRUPPO FRENO'!I9*2*1.014,1) -> 670
A5: Ricezioni programmate | E5: 50
A6: Disponibilità materiale a magazzino | D6: 20 | E6: 20
A7: Richiesta netta | C7: =C4-C5-C6 -> 262 | E7: =E4-E5-E6 -> 478 | F7: =F4-F5-F6 -> 507 | G7: =G4-G5-G6 -> 712 | I7: =I4-I5-I6 -> 437 | J7: =J4-J5-J6 -> 670
A8: Ricezione pianificata ordini | C8: 262 | E8: 478 | F8: 507 | G8: 712 | I8: 437 | J8: 670
A9: Emissione pianificata ordini | B9: 262 | D9: 478 | E9: 507 | F9: 712 | H9: 437 | I9: 670

Sheet COD 14
A1: COD. 14
B3: 3 sett. AGOSTO | C3: 4 sett. AGOSTO | D3: 1 sett. SETT. | E3: 2 sett. SETT. | F3: 3 sett. SETT. | G3: 4 sett. SETT. | H3: 1 sett. OTT. | I3: 2 sett. OTT. | J3: 3 sett. OTT. | K3: 4 sett. OTT.
A4: Richiesta lorda (MPS, quantitativo componente in distinta base, coeff. scarto) | C4: =CEILING('GRUPPO FRENO'!B9*1*1.005,1) -> 130 | E4: =CEILING('GRUPPO FRENO'!D9*1*1.005,1) -> 272 | F4: =CEILING('GRUPPO FRENO'!E9*1*1.005,1) -> 252 | G4: =CEILING('GRUPPO FRENO'!F9*1*1.005,1) -> 353 | I4: =CEILING('GRUPPO FRENO'!H9*1*1.005,1) -> 217 | J4: =CEILING('GRUPPO FRENO'!I9*1*1.005,1) -> 332
A5: Ricezioni programmate
A6: Disponibilità materiale a magazzino | D6: 110 | E6: 110 | F6: 8 | G6: 6 | H6: 3 | I6: 3 | J6: 6 | K6: 4
A7: Richiesta netta | C7: 130 | E7: =E4-E6 -> 162 | F7: =F4-F6 -> 244 | G7: =G4-G6 -> 347 | I7: =I4-I6 -> 214 | J7: =J4-J6 -> 326
A8: Ricezione pianificata ordini | C8: 130 | E8: 170 | F8: 250 | G8: 350 | I8: 220 | J8: 330
A9: Emissione pianificata ordini | B9: 130 | D9: 170 | E9: 250 | F9: 350 | H9: 220 | I9: 330

Sheet COD 13
A1: COD. 13
B3: 3 sett. AGOSTO | C3: 4 sett. AGOSTO | D3: 1 sett. SETT. | E3: 2 sett. SETT. | F3: 3 sett. SETT. | G3: 4 sett. SETT. | H3: 1 sett. OTT. | I3: 2 sett. OTT. | J3: 3 sett. OTT. | K3: 4 sett. OTT.
A4: Richiesta lorda (MPS, quantitativo componente in distinta base, coeff. scarto) | C4: =CEILING('GRUPPO FRENO'!B9*1*1.005,1) -> 130 | E4: =CEILING('GRUPPO FRENO'!D9*1*1.005,1) -> 272 | F4: =CEILING('GRUPPO FRENO'!E9*1*1.005,1) -> 252 | G4: =CEILING('GRUPPO FRENO'!F9*1*1.005,1) -> 353 | I4: =CEILING('GRUPPO FRENO'!H9*1*1.005,1) -> 217 | J4: =CEILING('GRUPPO FRENO'!I9*1*1.005,1) -> 332
A5: Ricezioni programmate
A6: Disponibilità materiale a magazzino | D6: 404 | E6: 404 | F6: =E6-E4 -> 132 | H6: 7 | I6: 7 | K6: 8
A7: Richiesta netta | C7: 130 | F7: =F4-F6 -> 120 | G7: =G4-G6 -> 353 | I7: =I4-I6 -> 210 | J7: =J4-J6 -> 332
A8: Ricezione pianificata ordini | C8: 130 | F8: 120 | G8: 360 | I8: 210 | J8: 340
A9: Emissione pianificata ordini | B9: 130 | E9: 120 | F9: 360 | H9: 210 | I9: 340

Sheet GRUPPO FRENO urgenza
A1: GRUPPO FRENO
B3: 4 sett. AGOSTO | C3: 1 sett. SETT. | D3: 2 sett. SETT. | E3: 3 sett. SETT. | F3: 4 sett. SETT. | G3: 1 sett. OTT. | H3: 2 sett. OTT. | I3: 3 sett. OTT. | J3: 4 sett. OTT. | K3: 1 sett. NOV. | L3: 2 sett. NOV.
A4: Richiesta lorda (quantitativo in MPS) | C4: 129 | E4: 270 | F4: 250 | G4: 351 | I4: 215 | J4: 330 | L4: x
A5: Ricezioni programmate
A6: Disponibilità materiale a magazzino
A7: Richiesta netta | C7: =C4-C5-C6 -> 129 | E7: =E4-E5-E6 -> 270 | F7: =F4-F5-F6 -> 250 | G7: =G4-G5-G6 -> 351 | I7: =I4-I5-I6 -> 215 | J7: =J4-J5-J6 -> 330 | L7: x
A8: Ricezione pianificata ordini | C8: 129 | E8: =E7 -> 270 | F8: =F7 -> 250 | G8: =G7 -> 351 | I8: =I7 -> 215 | J8: =J7 -> 330 | L8: x
A9: Emissione pianificata ordini | B9: 129 | D9: 270 | E9: 250 | F9: 351 | H9: 215 | I9: 330 | K9: x

Sheet COD 1 urgenza
A1: COD. 1
B3: 3 sett. AGOSTO | C3: 4 sett. AGOSTO | D3: 1 sett. SETT. | E3: 2 sett. SETT. | F3: 3 sett. SETT. | G3: 4 sett. SETT. | H3: 1 sett. OTT. | I3: 2 sett. OTT. | J3: 3 sett. OTT. | K3: 4 sett. OTT. | L3: 1 sett. NOV.
A4: Richiesta lorda (MPS, quantitativo componente in distinta base, coeff. scarto) | C4: =CEILING('GRUPPO FRENO'!B9*2*1.014,1) -> 262 | E4: =CEILING('GRUPPO FRENO'!D9*2*1.014,1) -> 548 | F4: =CEILING('GRUPPO FRENO'!E9*2*1.014,1) -> 507 | G4: =CEILING('GRUPPO FRENO'!F9*2*1.014,1) -> 712 | I4: =CEILING('GRUPPO FRENO'!H9*2*1.014,1) -> 437 | J4: =CEILING('GRUPPO FRENO'!I9*2*1.014,1) -> 670 | L4: 2x+scarto
A5: Ricezioni programmate | E5: 50
A6: Disponibilità materiale a magazzino | D6: 20 | E6: 20
A7: Richiesta netta | C7: =C4-C5-C6 -> 262 | E7: =E4-E5-E6 -> 478 | F7: =F4-F5-F6 -> 507 | G7: =G4-G5-G6 -> 712 | I7: =I4-I5-I6 -> 437 | J7: =J4-J5-J6 -> 670 | L7: 2x+scarto
A8: Ricezione pianificata ordini | C8: 262 | E8: 478 | F8: 507 | G8: 712 | I8: 437 | J8: 670 | L8: 2x+scarto
A9: Emissione pianificata ordini | B9: 262 | D9: 478 | E9: 507 | F9: 712 | H9: 437 | I9: 670 | K9: 2x+scarto
D13: u

Sheet COD 14 con urgenza
A1: COD. 14
B3: 3 sett. AGOSTO | C3: 4 sett. AGOSTO | D3: 1 sett. SETT. | E3: 2 sett. SETT. | F3: 3 sett. SETT. | G3: 4 sett. SETT. | H3: 1 sett. OTT. | I3: 2 sett. OTT. | J3: 3 sett. OTT. | K3: 4 sett. OTT. | L3: 1 sett. NOV.
A4: Richiesta lorda (MPS, quantitativo componente in distinta base, coeff. scarto) | C4: =CEILING('GRUPPO FRENO'!B9*1*1.005,1) -> 130 | E4: =CEILING('GRUPPO FRENO'!D9*1*1.005,1) -> 272 | F4: =CEILING('GRUPPO FRENO'!E9*1*1.005,1) -> 252 | G4: =CEILING('GRUPPO FRENO'!F9*1*1.005,1) -> 353 | I4: =CEILING('GRUPPO FRENO'!H9*1*1.005,1) -> 217 | J4: =CEILING('GRUPPO FRENO'!I9*1*1.005,1) -> 332 | L4: x+scarto
A5: Ricezioni programmate
A6: Disponibilità materiale a magazzino | D6: 110 | E6: 110 | F6: 8 | G6: 6 | H6: 3 | I6: 3 | J6: 6 | K6: 4 | L6: 4
A7: Richiesta netta | C7: 130 | E7: =E4-E6 -> 162 | F7: =F4-F6 -> 244 | G7: =G4-G6 -> 347 | I7: =I4-I6 -> 214 | J7: =J4-J6 -> 326 | L7: x-4+scarto
A8: Ricezione pianificata ordini | C8: 130 | E8: 170 | F8: 250 | G8: 350 | I8: 220 | J8: 330 | L8: arrotondamento cons. lotto economico
A9: Emissione pianificata ordini | B9: 130 | D9: 170 | E9: 250 | F9: 350 | H9: 220 | I9: 330 | K9: arrotondamento cons. lotto economico

Sheet COD 13 con urgenza
A1: COD. 13
B3: 3 sett. AGOSTO | C3: 4 sett. AGOSTO | D3: 1 sett. SETT. | E3: 2 sett. SETT. | F3: 3 sett. SETT. | G3: 4 sett. SETT. | H3: 1 sett. OTT. | I3: 2 sett. OTT. | J3: 3 sett. OTT. | K3: 4 sett. OTT. | L3: 1 sett.NOV
A4: Richiesta lorda (MPS, quantitativo componente in distinta base, coeff. scarto) | C4: =CEILING('GRUPPO FRENO'!B9*1*1.005,1) -> 130 | E4: =CEILING('GRUPPO FRENO'!D9*1*1.005,1) -> 272 | F4: =CEILING('GRUPPO FRENO'!E9*1*1.005,1) -> 252 | G4: =CEILING('GRUPPO FRENO'!F9*1*1.005,1) -> 353 | I4: =CEILING('GRUPPO FRENO'!H9*1*1.005,1) -> 217 | J4: =CEILING('GRUPPO FRENO'!I9*1*1.005,1) -> 332
A5: Ricezioni programmate
A6: Disponibilità materiale a magazzino | D6: 404 | E6: 404 | F6: =E6-E4 -> 132 | H6: 7 | I6: 7 | K6: 8
A7: Richiesta netta | C7: 130 | F7: =F4-F6 -> 120 | G7: =G4-G6 -> 353 | I7: =I4-I6 -> 210 | J7: =J4-J6 -> 332
A8: Ricezione pianificata ordini | C8: 130 | F8: 120 | G8: 360 | I8: 210 | J8: 340
A9: Emissione pianificata ordini | B9: 130 | E9: 120 | F9: 360 | H9: 210 | I9: 340 | K9: x-8+scarto

Sheet GRUPPO FRENO con ritardo
A1: GRUPPO FRENO con ritardo
B3: 4 sett. AGOSTO | C3: 1 sett. SETT. | D3: 2 sett. SETT. | E3: 3 sett. SETT. | F3: 4 sett. SETT. | G3: 1 sett. OTT. | H3: 2 sett. OTT. | I3: 3 sett. OTT. | J3: 4 sett. OTT.
A4: Richiesta lorda (quantitativo in MPS) | C4: 129 | E4: 270 | F4: 250 | G4: 351 | I4: 215 | J4: 330
A5: Ricezioni programmate
A6: Disponibilità materiale a magazzino
A7: Richiesta netta | C7: =C4-C5-C6 -> 129 | E7: =E4-E5-E6 -> 270 | F7: =F4-F5-F6 -> 250 | G7: =G4-G5-G6 -> 351 | I7: =I4-I5-I6 -> 215 | J7: =J4-J5-J6 -> 330
A8: Ricezione pianificata ordini | C8: 129 | E8: =E7 -> 270 | H8: 601 | J8: =330+215 -> 545
A9: Emissione pianificata ordini | B9: 129 | D9: 270 | E9: NO | F9: NO | G9: =F4+G4 -> 601 | H9: 215 | I9: 330
A10: BACKORDER | H10: =G9 -> 601

Sheet COD 1 con ritardo
A1: COD. 1 con ritardo
B3: 3 sett. AGOSTO | C3: 4 sett. AGOSTO | D3: 1 sett. SETT. | E3: 2 sett. SETT. | F3: 3 sett. SETT. | G3: 4 sett. SETT. | H3: 1 sett. OTT. | I3: 2 sett. OTT. | J3: 3 sett. OTT. | K3: 4 sett. OTT.
A4: Richiesta lorda (MPS, quantitativo componente in distinta base, coeff. scarto) | C4: =CEILING('GRUPPO FRENO'!B9*2*1.014,1) -> 262 | E4: =CEILING('GRUPPO FRENO'!D9*2*1.014,1) -> 548 | F4: =CEILING('GRUPPO FRENO'!E9*2*1.014,1) -> 507 | G4: =CEILING('GRUPPO FRENO'!F9*2*1.014,1) -> 712 | I4: =CEILING('GRUPPO FRENO'!H9*2*1.014,1) -> 437 | J4: =CEILING('GRUPPO FRENO'!I9*2*1.014,1) -> 670
A5: Ricezioni programmate | E5: 50
A6: Disponibilità materiale a magazzino | D6: 20 | E6: 20
A7: Richiesta netta | C7: =C4-C5-C6 -> 262 | E7: =E4-E5-E6 -> 478 | F7: =F4-F5-F6 -> 507 | G7: =G4-G5-G6 -> 712 | I7: =I4-I5-I6 -> 437 | J7: =J4-J5-J6 -> 670
A8: Ricezione pianificata ordini | C8: 262 | E8: 478 | F8: RITARDO | H8: =E9+F9 -> 1219 | I8: 437 | J8: 670
A9: Emissione pianificata ordini | B9: 262 | D9: 478 | E9: 507 | F9: 712 | H9: 437 | I9: 670

Sheet COD 14 con ritardo
A1: COD. 14
B3: 3 sett. AGOSTO | C3: 4 sett. AGOSTO | D3: 1 sett. SETT. | E3: 2 sett. SETT. | F3: 3 sett. SETT. | G3: 4 sett. SETT. | H3: 1 sett. OTT. | I3: 2 sett. OTT. | J3: 3 sett. OTT. | K3: 4 sett. OTT.
A4: Richiesta lorda (MPS, quantitativo componente in distinta base, coeff. scarto) | C4: =CEILING('GRUPPO FRENO'!B9*1*1.005,1) -> 130 | E4: =CEILING('GRUPPO FRENO'!D9*1*1.005,1) -> 272 | F4: =CEILING('GRUPPO FRENO'!E9*1*1.005,1) -> 252 | G4: =CEILING('GRUPPO FRENO'!F9*1*1.005,1) -> 353 | I4: =CEILING('GRUPPO FRENO'!H9*1*1.005,1) -> 217 | J4: =CEILING('GRUPPO FRENO'!I9*1*1.005,1) -> 332
A5: Ricezioni programmate
A6: Disponibilità materiale a magazzino | D6: 110 | E6: 110 | F6: 8 | G6: 8(+250) | H6: 3 (+347) | I6: 3 | J6: 6 (214) | K6: 4
A7: Richiesta netta | C7: 130 | E7: =E4-E6 -> 162 | F7: =F4-F6 -> 244 | G7: =G4-6 -> 347 | I7: =I4-I6 -> 214 | J7: =J4-6 -> 326
A8: Ricezione pianificata ordini | C8: 130 | E8: 170 | F8: 250 | G8: 350 | I8: 220 | J8: 330
A9: Emissione pianificata ordini | B9: 130 | D9: 170 | E9: 250 | F9: 350 | H9: 220 | I9: 330

Sheet COD 13 con ritardo
A1: COD. 13 con ritardi
B3: 3 sett. AGOSTO | C3: 4 sett. AGOSTO | D3: 1 sett. SETT. | E3: 2 sett. SETT. | F3: 3 sett. SETT. | G3: 4 sett. SETT. | H3: 1 sett. OTT. | I3: 2 sett. OTT. | J3: 3 sett. OTT. | K3: 4 sett. OTT.
A4: Richiesta lorda (MPS, quantitativo componente in distinta base, coeff. scarto) | C4: =CEILING('GRUPPO FRENO'!B9*1*1.005,1) -> 130 | E4: =CEILING('GRUPPO FRENO'!D9*1*1.005,1) -> 272 | F4: =CEILING('GRUPPO FRENO'!E9*1*1.005,1) -> 252 | G4: =CEILING('GRUPPO FRENO'!F9*1*1.005,1) -> 353 | I4: =CEILING('GRUPPO FRENO'!H9*1*1.005,1) -> 217 | J4: =CEILING('GRUPPO FRENO'!I9*1*1.005,1) -> 332
A5: Ricezioni programmate
A6: Disponibilità materiale a magazzino | D6: 404 | E6: 404 | F6: =E6-E4 -> 132 | G6: 120 | H6: 7 | I6: 7 | K6: 8
A7: Richiesta netta | C7: 130 | F7: =F4-F6 -> 120 | G7: =G4-G6 -> 233 | I7: =I4-I6 -> 210 | J7: =J4-J6 -> 332
A8: Ricezione pianificata ordini | C8: 130 | F8: 120 | G8: 360 | I8: 210 | J8: 340
A9: Emissione pianificata ordini | B9: 130 | E9: 120 | F9: 360 | H9: 210 | I9: 340
